Rank,Builder,Homes/Year (Est),HQ,Key States,Typical Project Size,Price Point,Notes
1,D.R. Horton,90000+,"Arlington, TX","TX, FL, AZ, TN, GA, NC, SC, AL, CO, ID",50-2000+ acres,$250K-$500K,#1 nationally. Buys the most raw land. Active in nearly every growth market.
2,Lennar,75000+,"Miami, FL","TX, FL, AZ, CA, CO, NC, TN",100-1500+ acres,$300K-$600K,"Everything's Included model. Massive master-planned communities."
3,PulteGroup,30000+,"Atlanta, GA","TX, FL, AZ, GA, SC, NC, TN, CO",50-500 acres,$300K-$700K,"Brands: Pulte, Del Webb (55+), Centex. Strong in active adult."
4,NVR / Ryan Homes,25000+,"Reston, VA","VA, MD, NC, SC, TN, OH, IN, PA",50-300 acres,$300K-$550K,East Coast dominant. Options land instead of buying â€” unique model.
5,Meritage Homes,17000+,"Scottsdale, AZ","AZ, TX, FL, CO, TN, GA, NC, SC",50-400 acres,$350K-$600K,Energy-efficient focus. Strong in Sun Belt.
6,Toll Brothers,10000+,"Fort Washington, PA","PA, NJ, NY, TX, AZ, CO, FL, CA",50-200 acres,$600K-$1M+,Luxury builder. Premium price points and locations.
7,Taylor Morrison,12000+,"Scottsdale, AZ","AZ, TX, FL, CA, CO, GA",50-500 acres,$350K-$650K,Strong in master-planned communities.
8,KB Home,13000+,"Houston, TX","TX, CA, AZ, FL, NC, CO",50-300 acres,$300K-$500K,Build-to-order model. Strong in entry-level.
9,Dream Finders Homes,8000+,"Jacksonville, FL","FL, TX, GA, NC, SC, CO, VA",50-200 acres,$350K-$550K,Fastest growing. Asset-light model.
10,Smith Douglas Homes,5000+,"Atlanta, GA","TN, GA, NC, SC, AL",50-200 acres,$250K-$450K,Southeast specialist. Great for our target markets.
11,Century Communities,8000+,"Greenwood Village, CO","TX, CO, AZ, GA, TN, NC",50-300 acres,$300K-$500K,National footprint growing fast.
12,M/I Homes,5500+,"Columbus, OH","OH, NC, SC, TX, FL, TN, IN",50-200 acres,$350K-$550K,Midwest + Southeast.
13,Tri Pointe Homes,6000+,"Incline Village, NV","CA, CO, TX, AZ, NC, SC",50-200 acres,$400K-$700K,Premium positioning.
14,Maronda Homes,3000+,"Westerville, OH","FL, GA, OH, PA",50-150 acres,$250K-$400K,Regional strength in FL and OH.
15,Stanley Martin,3000+,"Reston, VA","VA, MD, NC, SC, GA",50-200 acres,$400K-$650K,Mid-Atlantic to Southeast.
16,Eastwood Homes,2500+,"Charlotte, NC","NC, SC, VA",50-150 acres,$300K-$500K,Carolinas focused.
17,Mungo Homes,2000+,"Irmo, SC","SC, NC, GA, TN",50-150 acres,$250K-$450K,Southeast regional.
